{
  "energyIntensity": {
    "legend": ["Energy intensity", "Energy intensity"],
    "rows": [
      ["2020", 5.2],
      ["2025", 10.5],
      ["2030", 15.8]
    ]
  },
  "energySaving": {
    "legend": [
      "Oil",
      "Coal",
      "Gas",
      "Biomass and Waste",
      "Renewables",
      "Nuclear"
    ],
    "rows": [
      [
        "2020",
        5.111004163317946,
        3.012617255720308,
        67.99256463958227,
        33.66356197072881,
        170.5697156124504,
        0.0
      ],
      [
        "2025",
        10.775176277077687,
        0.5881356562968696,
        90.22956182648284,
        44.403528919805396,
        216.30849242682825,
        0.0
      ],
      [
        "2030",
        14.36690170277025,
        0.7841808750624927,
        120.30608243531044,
        59.20470522640719,
        288.411323235771,
        0.0
      ]
    ]
  },
  "reductionOfAirPollution": {
    "legend": ["SO2", "NOX", "PM_2_5"],
    "rows": [
      ["2020", 0.0, 0.0, 0.0],
      ["2025", 0.0, 0.0, 0.0],
      ["2030", 0.0, 0.0, 0.0]
    ]
  },
  "reductionOfEnergyCost": {
    "legend": ["a", "b"],
    "rows": [
      [0, 0, 5],
      [1, 0, 5]
    ]
  },
  "reductionOfEnergyPoverty": {
    "legend": ["a", "b"],
    "rows": [
      [0, 0, 5],
      [1, 0, 5]
    ]
  },
  "reductionOfGreenHouseGasEmission": {
    "legend": ["CO2"],
    "rows": [
      ["2020", 0.0],
      ["2025", 0.0],
      ["2030", 0.0]
    ]
  },
  "reductionOfImportDependency": {
    "legend": ["Oil", "Coal", "Gas"],
    "rows": [
      ["2020", 0.004874021364231762, 0.0, 0.11186215348336637],
      ["2025", 0.00987337858689985, 0.0, 0.11645608246971806],
      ["2030", 0.013169051429839929, 0.0, 0.15590232311972763]
    ]
  },
  "reductionOfLostWorkDays": {
    "legend": ["Lost work days"],
    "rows": [
      ["2020", 0.5913905267173349],
      ["2025", 0.683317317577115],
      ["2030", 0.34124576673079177]
    ]
  },
  "reductionOfLostWorkDaysMonetization": {
    "legend": ["Lost work days monetization"],
    "rows": [
      ["2020", 138.58154891581205],
      ["2025", 169.37452727260626],
      ["2030", 89.20513790292968]
    ]
  },
  "reductionOfMortalityMorbidity": {
    "legend": ["Mortality_AP"],
    "rows": [
      ["2020", 0.0019086958137105744],
      ["2025", 0.0023527601910062574],
      ["2030", 0.001273131389056616]
    ]
  }
}
